{
  "fio version" : "fio-3.36",
  "timestamp" : 1759256854,
  "timestamp_ms" : 1759256854897,
  "time" : "Tue Sep 30 14:27:34 2025",
  "global options" : {
    "ioengine" : "libaio",
    "direct" : "1",
    "time_based" : "1",
    "runtime" : "30",
    "ramp_time" : "5",
    "size" : "8G",
    "bs" : "4k",
    "rw" : "randread",
    "numjobs" : "1",
    "group_reporting" : "1",
    "norandommap" : "1",
    "randrepeat" : "0",
    "clat_percentiles" : "1",
    "percentile_list" : "50:95:99:99.9",
    "filename" : "~/fio/testfile.dat"
  },
  "jobs" : [
    {
      "jobname" : "qd8",
      "groupid" : 0,
      "job_start" : 1759256788457,
      "error" : 0,
      "eta" : 0,
      "elapsed" : 71,
      "job options" : {
        "iodepth" : "8"
      },
      "read" : {
        "io_bytes" : 6734450688,
        "io_kbytes" : 6576612,
        "bw_bytes" : 224474207,
        "bw" : 219213,
        "iops" : 54803.039899,
        "runtime" : 30001,
        "total_ios" : 1644146,
        "short_ios" : 0,
        "drop_ios" : 0,
        "slat_ns" : {
          "min" : 3013,
          "max" : 362158,
          "mean" : 4505.160545,
          "stddev" : 3409.533464,
          "N" : 1644146
        },
        "clat_ns" : {
          "min" : 24068,
          "max" : 870130,
          "mean" : 141132.211714,
          "stddev" : 32448.714833,
          "N" : 1644153,
          "percentile" : {
            "50.000000" : 138240,
            "95.000000" : 183296,
            "99.000000" : 259072,
            "99.900000" : 448512
          }
        },
        "lat_ns" : {
          "min" : 68487,
          "max" : 878042,
          "mean" : 145637.369919,
          "stddev" : 32743.336175,
          "N" : 1644153
        },
        "bw_min" : 194214,
        "bw_max" : 244736,
        "bw_agg" : 100.000000,
        "bw_mean" : 219510.101695,
        "bw_dev" : 12059.662771,
        "bw_samples" : 59,
        "iops_min" : 48553,
        "iops_max" : 61184,
        "iops_mean" : 54877.338983,
        "iops_stddev" : 3014.960534,
        "iops_samples" : 59
      },
      "write" : {
        "io_bytes" : 0,
        "io_kbytes" : 0,
        "bw_bytes" : 0,
        "bw" : 0,
        "iops" : 0.000000,
        "runtime" : 0,
        "total_ios" : 0,
        "short_ios" : 0,
        "drop_ios" : 0,
        "slat_ns" : {
          "min" : 0,
          "max" : 0,
          "mean" : 0.000000,
          "stddev" : 0.000000,
          "N" : 0
        },
        "clat_ns" : {
          "min" : 0,
          "max" : 0,
          "mean" : 0.000000,
          "stddev" : 0.000000,
          "N" : 0
        },
        "lat_ns" : {
          "min" : 0,
          "max" : 0,
          "mean" : 0.000000,
          "stddev" : 0.000000,
          "N" : 0
        },
        "bw_min" : 0,
        "bw_max" : 0,
        "bw_agg" : 0.000000,
        "bw_mean" : 0.000000,
        "bw_dev" : 0.000000,
        "bw_samples" : 0,
        "iops_min" : 0,
        "iops_max" : 0,
        "iops_mean" : 0.000000,
        "iops_stddev" : 0.000000,
        "iops_samples" : 0
      },
      "trim" : {
        "io_bytes" : 0,
        "io_kbytes" : 0,
        "bw_bytes" : 0,
        "bw" : 0,
        "iops" : 0.000000,
        "runtime" : 0,
        "total_ios" : 0,
        "short_ios" : 0,
        "drop_ios" : 0,
        "slat_ns" : {
          "min" : 0,
          "max" : 0,
          "mean" : 0.000000,
          "stddev" : 0.000000,
          "N" : 0
        },
        "clat_ns" : {
          "min" : 0,
          "max" : 0,
          "mean" : 0.000000,
          "stddev" : 0.000000,
          "N" : 0
        },
        "lat_ns" : {
          "min" : 0,
          "max" : 0,
          "mean" : 0.000000,
          "stddev" : 0.000000,
          "N" : 0
        },
        "bw_min" : 0,
        "bw_max" : 0,
        "bw_agg" : 0.000000,
        "bw_mean" : 0.000000,
        "bw_dev" : 0.000000,
        "bw_samples" : 0,
        "iops_min" : 0,
        "iops_max" : 0,
        "iops_mean" : 0.000000,
        "iops_stddev" : 0.000000,
        "iops_samples" : 0
      },
      "sync" : {
        "total_ios" : 0,
        "lat_ns" : {
          "min" : 0,
          "max" : 0,
          "mean" : 0.000000,
          "stddev" : 0.000000,
          "N" : 0
        }
      },
      "job_runtime" : 30000,
      "usr_cpu" : 5.553333,
      "sys_cpu" : 31.863333,
      "ctx" : 271538,
      "majf" : 0,
      "minf" : 57,
      "iodepth_level" : {
        "1" : 0.000000,
        "2" : 0.000000,
        "4" : 0.000000,
        "8" : 100.000000,
        "16" : 0.000000,
        "32" : 0.000000,
        ">=64" : 0.000000
      },
      "iodepth_submit" : {
        "0" : 0.000000,
        "4" : 100.000000,
        "8" : 0.000000,
        "16" : 0.000000,
        "32" : 0.000000,
        "64" : 0.000000,
        ">=64" : 0.000000
      },
      "iodepth_complete" : {
        "0" : 0.000000,
        "4" : 99.999939,
        "8" : 0.100000,
        "16" : 0.000000,
        "32" : 0.000000,
        "64" : 0.000000,
        ">=64" : 0.000000
      },
      "latency_ns" : {
        "2" : 0.000000,
        "4" : 0.000000,
        "10" : 0.000000,
        "20" : 0.000000,
        "50" : 0.000000,
        "100" : 0.000000,
        "250" : 0.000000,
        "500" : 0.000000,
        "750" : 0.000000,
        "1000" : 0.000000
      },
      "latency_us" : {
        "2" : 0.000000,
        "4" : 0.000000,
        "10" : 0.000000,
        "20" : 0.000000,
        "50" : 0.010000,
        "100" : 2.597336,
        "250" : 96.238047,
        "500" : 1.142295,
        "750" : 0.018429,
        "1000" : 0.010000
      },
      "latency_ms" : {
        "2" : 0.000000,
        "4" : 0.000000,
        "10" : 0.000000,
        "20" : 0.000000,
        "50" : 0.000000,
        "100" : 0.000000,
        "250" : 0.000000,
        "500" : 0.000000,
        "750" : 0.000000,
        "1000" : 0.000000,
        "2000" : 0.000000,
        ">=2000" : 0.000000
      },
      "latency_depth" : 8,
      "latency_target" : 0,
      "latency_percentile" : 100.000000,
      "latency_window" : 0
    },
    {
      "jobname" : "qd16",
      "groupid" : 1,
      "job_start" : 1759256824450,
      "error" : 0,
      "eta" : 0,
      "elapsed" : 71,
      "job options" : {
        "iodepth" : "16"
      },
      "read" : {
        "io_bytes" : 10241327104,
        "io_kbytes" : 10001296,
        "bw_bytes" : 341366191,
        "bw" : 333365,
        "iops" : 83340.855305,
        "runtime" : 30001,
        "total_ios" : 2500309,
        "short_ios" : 0,
        "drop_ios" : 0,
        "slat_ns" : {
          "min" : 2994,
          "max" : 295252,
          "mean" : 4112.841003,
          "stddev" : 2447.514192,
          "N" : 2500309
        },
        "clat_ns" : {
          "min" : 56095,
          "max" : 1640819,
          "mean" : 187567.926392,
          "stddev" : 48806.845574,
          "N" : 2500324,
          "percentile" : {
            "50.000000" : 185344,
            "95.000000" : 261120,
            "99.000000" : 354304,
            "99.900000" : 514048
          }
        },
        "lat_ns" : {
          "min" : 63561,
          "max" : 1644811,
          "mean" : 191680.766610,
          "stddev" : 48729.838638,
          "N" : 2500324
        },
        "bw_min" : 284736,
        "bw_max" : 383248,
        "bw_agg" : 100.000000,
        "bw_mean" : 333610.833333,
        "bw_dev" : 23240.107048,
        "bw_samples" : 60,
        "iops_min" : 71184,
        "iops_max" : 95812,
        "iops_mean" : 83402.600000,
        "iops_stddev" : 5810.031265,
        "iops_samples" : 60
      },
      "write" : {
        "io_bytes" : 0,
        "io_kbytes" : 0,
        "bw_bytes" : 0,
        "bw" : 0,
        "iops" : 0.000000,
        "runtime" : 0,
        "total_ios" : 0,
        "short_ios" : 0,
        "drop_ios" : 0,
        "slat_ns" : {
          "min" : 0,
          "max" : 0,
          "mean" : 0.000000,
          "stddev" : 0.000000,