{
  "fio version" : "fio-3.36",
  "timestamp" : 1759243610,
  "timestamp_ms" : 1759243610933,
  "time" : "Tue Sep 30 10:46:50 2025",
  "global options" : {
    "ioengine" : "libaio",
    "direct" : "1",
    "rw" : "randread",
    "bs" : "4k",
    "iodepth" : "1",
    "runtime" : "30",
    "time_based" : "1",
    "group_reporting" : "1",
    "filename" : "/home/yuming/fio/testfile.dat"
  },
  "jobs" : [
    {
      "jobname" : "randread_4k_qd1",
      "groupid" : 0,
      "job_start" : 1759243580889,
      "error" : 0,
      "eta" : 0,
      "elapsed" : 31,
      "read" : {
        "io_bytes" : 1761452032,
        "io_kbytes" : 1720168,
        "bw_bytes" : 58713110,
        "bw" : 57337,
        "iops" : 14334.255525,
        "runtime" : 30001,
        "total_ios" : 430042,
        "short_ios" : 0,
        "drop_ios" : 0,
        "slat_ns" : {
          "min" : 5705,
          "max" : 1209383,
          "mean" : 10614.114012,
          "stddev" : 5460.056758,
          "N" : 430042
        },
        "clat_ns" : {
          "min" : 750,
          "max" : 440878,
          "mean" : 57643.913108,
          "stddev" : 18292.321592,
          "N" : 430042,
          "percentile" : {
            "1.000000" : 45824,
            "5.000000" : 47872,
            "10.000000" : 49408,
            "20.000000" : 50944,
            "30.000000" : 51968,
            "40.000000" : 52992,
            "50.000000" : 54016,
            "60.000000" : 55040,
            "70.000000" : 56576,
            "80.000000" : 59136,
            "90.000000" : 64768,
            "95.000000" : 73216,
            "99.000000" : 152576,
            "99.500000" : 173056,
            "99.900000" : 288768,
            "99.950000" : 321536,
            "99.990000" : 354304
          }
        },
        "lat_ns" : {
          "min" : 28810,
          "max" : 1213108,
          "mean" : 68258.027121,
          "stddev" : 19767.040940,
          "N" : 430042
        },
        "bw_min" : 54339,
        "bw_max" : 59784,
        "bw_agg" : 100.000000,
        "bw_mean" : 57388.864407,
        "bw_dev" : 1194.173837,
        "bw_samples" : 59,
        "iops_min" : 13584,
        "iops_max" : 14946,
        "iops_mean" : 14347.135593,
        "iops_stddev" : 298.642126,
        "iops_samples" : 59
      },
      "write" : {
        "io_bytes" : 0,
        "io_kbytes" : 0,
        "bw_bytes" : 0,
        "bw" : 0,
        "iops" : 0.000000,
        "runtime" : 0,
        "total_ios" : 0,
        "short_ios" : 0,
        "drop_ios" : 0,
        "slat_ns" : {
          "min" : 0,
          "max" : 0,
          "mean" : 0.000000,
          "stddev" : 0.000000,
          "N" : 0
        },
        "clat_ns" : {
          "min" : 0,
          "max" : 0,
          "mean" : 0.000000,
          "stddev" : 0.000000,
          "N" : 0
        },
        "lat_ns" : {
          "min" : 0,
          "max" : 0,
          "mean" : 0.000000,
          "stddev" : 0.000000,
          "N" : 0
        },
        "bw_min" : 0,
        "bw_max" : 0,
        "bw_agg" : 0.000000,
        "bw_mean" : 0.000000,
        "bw_dev" : 0.000000,
        "bw_samples" : 0,
        "iops_min" : 0,
        "iops_max" : 0,
        "iops_mean" : 0.000000,
        "iops_stddev" : 0.000000,
        "iops_samples" : 0
      },
      "trim" : {
        "io_bytes" : 0,
        "io_kbytes" : 0,
        "bw_bytes" : 0,
        "bw" : 0,
        "iops" : 0.000000,
        "runtime" : 0,
        "total_ios" : 0,
        "short_ios" : 0,
        "drop_ios" : 0,
        "slat_ns" : {
          "min" : 0,
          "max" : 0,
          "mean" : 0.000000,
          "stddev" : 0.000000,
          "N" : 0
        },
        "clat_ns" : {
          "min" : 0,
          "max" : 0,
          "mean" : 0.000000,
          "stddev" : 0.000000,
          "N" : 0
        },
        "lat_ns" : {
          "min" : 0,
          "max" : 0,
          "mean" : 0.000000,
          "stddev" : 0.000000,
          "N" : 0
        },
        "bw_min" : 0,
        "bw_max" : 0,
        "bw_agg" : 0.000000,
        "bw_mean" : 0.000000,
        "bw_dev" : 0.000000,
        "bw_samples" : 0,
        "iops_min" : 0,
        "iops_max" : 0,
        "iops_mean" : 0.000000,
        "iops_stddev" : 0.000000,
        "iops_samples" : 0
      },
      "sync" : {
        "total_ios" : 0,
        "lat_ns" : {
          "min" : 0,
          "max" : 0,
          "mean" : 0.000000,
          "stddev" : 0.000000,
          "N" : 0
        }
      },
      "job_runtime" : 30000,
      "usr_cpu" : 6.716667,
      "sys_cpu" : 25.150000,
      "ctx" : 429658,
      "majf" : 0,
      "minf" : 19,
      "iodepth_level" : {
        "1" : 100.000000,
        "2" : 0.000000,
        "4" : 0.000000,
        "8" : 0.000000,
        "16" : 0.000000,
        "32" : 0.000000,
        ">=64" : 0.000000
      },
      "iodepth_submit" : {
        "0" : 0.000000,
        "4" : 100.000000,
        "8" : 0.000000,
        "16" : 0.000000,
        "32" : 0.000000,
        "64" : 0.000000,
        ">=64" : 0.000000
      },
      "iodepth_complete" : {
        "0" : 0.000000,
        "4" : 100.000000,
        "8" : 0.000000,
        "16" : 0.000000,
        "32" : 0.000000,
        "64" : 0.000000,
        ">=64" : 0.000000
      },
      "latency_ns" : {
        "2" : 0.000000,
        "4" : 0.000000,
        "10" : 0.000000,
        "20" : 0.000000,
        "50" : 0.000000,
        "100" : 0.000000,
        "250" : 0.000000,
        "500" : 0.000000,
        "750" : 0.000000,
        "1000" : 0.010000
      },
      "latency_us" : {
        "2" : 0.054878,
        "4" : 0.010000,
        "10" : 0.010000,
        "20" : 0.010000,
        "50" : 11.606076,
        "100" : 86.026016,
        "250" : 2.142349,
        "500" : 0.155101,
        "750" : 0.000000,
        "1000" : 0.000000
      },
      "latency_ms" : {
        "2" : 0.000000,
        "4" : 0.000000,
        "10" : 0.000000,
        "20" : 0.000000,
        "50" : 0.000000,
        "100" : 0.000000,
        "250" : 0.000000,
        "500" : 0.000000,
        "750" : 0.000000,
        "1000" : 0.000000,
        "2000" : 0.000000,
        ">=2000" : 0.000000
      },
      "latency_depth" : 1,
      "latency_target" : 0,
      "latency_percentile" : 100.000000,
      "latency_window" : 0
    }
  ],
  "disk_util" : [
    {
      "name" : "sdd",
      "read_ios" : 429437,
      "write_ios" : 16,
      "read_sectors" : 3435720,
      "write_sectors" : 280,
      "read_merges" : 28,
      "write_merges" : 9,
      "read_ticks" : 21318,
      "write_ticks" : 15,
      "in_queue" : 21338,
      "util" : 52.944311
    }
  ]
}
