{
  "fio version" : "fio-3.36",
  "timestamp" : 1759244177,
  "timestamp_ms" : 1759244177499,
  "time" : "Tue Sep 30 10:56:17 2025",
  "global options" : {
    "ioengine" : "libaio",
    "direct" : "1",
    "rw" : "randwrite",
    "bs" : "4k",
    "iodepth" : "1",
    "runtime" : "30",
    "time_based" : "1",
    "group_reporting" : "1",
    "filename" : "/home/yuming/fio/testfile.dat"
  },
  "jobs" : [
    {
      "jobname" : "randwrite_4k_qd1",
      "groupid" : 0,
      "job_start" : 1759244147458,
      "error" : 0,
      "eta" : 0,
      "elapsed" : 31,
      "read" : {
        "io_bytes" : 0,
        "io_kbytes" : 0,
        "bw_bytes" : 0,
        "bw" : 0,
        "iops" : 0.000000,
        "runtime" : 0,
        "total_ios" : 0,
        "short_ios" : 0,
        "drop_ios" : 0,
        "slat_ns" : {
          "min" : 0,
          "max" : 0,
          "mean" : 0.000000,
          "stddev" : 0.000000,
          "N" : 0
        },
        "clat_ns" : {
          "min" : 0,
          "max" : 0,
          "mean" : 0.000000,
          "stddev" : 0.000000,
          "N" : 0
        },
        "lat_ns" : {
          "min" : 0,
          "max" : 0,
          "mean" : 0.000000,
          "stddev" : 0.000000,
          "N" : 0
        },
        "bw_min" : 0,
        "bw_max" : 0,
        "bw_agg" : 0.000000,
        "bw_mean" : 0.000000,
        "bw_dev" : 0.000000,
        "bw_samples" : 0,
        "iops_min" : 0,
        "iops_max" : 0,
        "iops_mean" : 0.000000,
        "iops_stddev" : 0.000000,
        "iops_samples" : 0
      },
      "write" : {
        "io_bytes" : 1048322048,
        "io_kbytes" : 1023752,
        "bw_bytes" : 34942903,
        "bw" : 34123,
        "iops" : 8530.982301,
        "runtime" : 30001,
        "total_ios" : 255938,
        "short_ios" : 0,
        "drop_ios" : 0,
        "slat_ns" : {
          "min" : 6160,
          "max" : 287402,
          "mean" : 9878.089451,
          "stddev" : 5586.102105,
          "N" : 255938
        },
        "clat_ns" : {
          "min" : 1284,
          "max" : 9032749,
          "mean" : 106020.123135,
          "stddev" : 84042.434871,
          "N" : 255938,
          "percentile" : {
            "1.000000" : 75264,
            "5.000000" : 78336,
            "10.000000" : 79360,
            "20.000000" : 82432,
            "30.000000" : 84480,
            "40.000000" : 87552,
            "50.000000" : 90624,
            "60.000000" : 94720,
            "70.000000" : 100864,
            "80.000000" : 109056,
            "90.000000" : 125440,
            "95.000000" : 164864,
            "99.000000" : 411648,
            "99.500000" : 464896,
            "99.900000" : 585728,
            "99.950000" : 659456,
            "99.990000" : 1908736
          }
        },
        "lat_ns" : {
          "min" : 68403,
          "max" : 9044245,
          "mean" : 115898.212587,
          "stddev" : 85010.238822,
          "N" : 255938
        },
        "bw_min" : 10944,
        "bw_max" : 39456,
        "bw_agg" : 99.877128,
        "bw_mean" : 34082.237288,
        "bw_dev" : 7150.542633,
        "bw_samples" : 59,
        "iops_min" : 2736,
        "iops_max" : 9864,
        "iops_mean" : 8520.474576,
        "iops_stddev" : 1787.598489,
        "iops_samples" : 59
      },
      "trim" : {
        "io_bytes" : 0,
        "io_kbytes" : 0,
        "bw_bytes" : 0,
        "bw" : 0,
        "iops" : 0.000000,
        "runtime" : 0,
        "total_ios" : 0,
        "short_ios" : 0,
        "drop_ios" : 0,
        "slat_ns" : {
          "min" : 0,
          "max" : 0,
          "mean" : 0.000000,
          "stddev" : 0.000000,
          "N" : 0
        },
        "clat_ns" : {
          "min" : 0,
          "max" : 0,
          "mean" : 0.000000,
          "stddev" : 0.000000,
          "N" : 0
        },
        "lat_ns" : {
          "min" : 0,
          "max" : 0,
          "mean" : 0.000000,
          "stddev" : 0.000000,
          "N" : 0
        },
        "bw_min" : 0,
        "bw_max" : 0,
        "bw_agg" : 0.000000,
        "bw_mean" : 0.000000,
        "bw_dev" : 0.000000,
        "bw_samples" : 0,
        "iops_min" : 0,
        "iops_max" : 0,
        "iops_mean" : 0.000000,
        "iops_stddev" : 0.000000,
        "iops_samples" : 0
      },
      "sync" : {
        "total_ios" : 0,
        "lat_ns" : {
          "min" : 0,
          "max" : 0,
          "mean" : 0.000000,
          "stddev" : 0.000000,
          "N" : 0
        }
      },
      "job_runtime" : 30000,
      "usr_cpu" : 3.060000,
      "sys_cpu" : 13.646667,
      "ctx" : 255903,
      "majf" : 0,
      "minf" : 23,
      "iodepth_level" : {
        "1" : 100.000000,
        "2" : 0.000000,
        "4" : 0.000000,
        "8" : 0.000000,
        "16" : 0.000000,
        "32" : 0.000000,
        ">=64" : 0.000000
      },
      "iodepth_submit" : {
        "0" : 0.000000,
        "4" : 100.000000,
        "8" : 0.000000,
        "16" : 0.000000,
        "32" : 0.000000,
        "64" : 0.000000,
        ">=64" : 0.000000
      },
      "iodepth_complete" : {
        "0" : 0.000000,
        "4" : 100.000000,
        "8" : 0.000000,
        "16" : 0.000000,
        "32" : 0.000000,
        "64" : 0.000000,
        ">=64" : 0.000000
      },
      "latency_ns" : {
        "2" : 0.000000,
        "4" : 0.000000,
        "10" : 0.000000,
        "20" : 0.000000,
        "50" : 0.000000,
        "100" : 0.000000,
        "250" : 0.000000,
        "500" : 0.000000,
        "750" : 0.000000,
        "1000" : 0.000000
      },
      "latency_us" : {
        "2" : 0.010000,
        "4" : 0.010000,
        "10" : 0.000000,
        "20" : 0.010000,
        "50" : 0.010000,
        "100" : 68.610367,
        "250" : 28.022412,
        "500" : 3.061288,
        "750" : 0.254358,
        "1000" : 0.010000
      },
      "latency_ms" : {
        "2" : 0.010549,
        "4" : 0.010000,
        "10" : 0.010000,
        "20" : 0.000000,
        "50" : 0.000000,
        "100" : 0.000000,
        "250" : 0.000000,
        "500" : 0.000000,
        "750" : 0.000000,
        "1000" : 0.000000,
        "2000" : 0.000000,
        ">=2000" : 0.000000
      },
      "latency_depth" : 1,
      "latency_target" : 0,
      "latency_percentile" : 100.000000,
      "latency_window" : 0
    }
  ],
  "disk_util" : [
    {
      "name" : "sdd",
      "read_ios" : 0,
      "write_ios" : 255528,
      "read_sectors" : 0,
      "write_sectors" : 2044432,
      "read_merges" : 0,
      "write_merges" : 27,
      "read_ticks" : 0,
      "write_ticks" : 21073,
      "in_queue" : 21080,
      "util" : 65.978283
    }
  ]
}
