{
  "fio version" : "fio-3.36",
  "timestamp" : 1759244651,
  "timestamp_ms" : 1759244651719,
  "time" : "Tue Sep 30 11:04:11 2025",
  "global options" : {
    "ioengine" : "libaio",
    "direct" : "1",
    "rw" : "read",
    "bs" : "128k",
    "iodepth" : "1",
    "runtime" : "30",
    "time_based" : "1",
    "group_reporting" : "1",
    "filename" : "/home/yuming/fio/testfile.dat"
  },
  "jobs" : [
    {
      "jobname" : "seqread_128k_qd1",
      "groupid" : 0,
      "job_start" : 1759244621671,
      "error" : 0,
      "eta" : 0,
      "elapsed" : 31,
      "read" : {
        "io_bytes" : 20225458176,
        "io_kbytes" : 19751424,
        "bw_bytes" : 674159467,
        "bw" : 658358,
        "iops" : 5143.428552,
        "runtime" : 30001,
        "total_ios" : 154308,
        "short_ios" : 0,
        "drop_ios" : 0,
        "slat_ns" : {
          "min" : 8439,
          "max" : 554224,
          "mean" : 13101.600889,
          "stddev" : 7548.224778,
          "N" : 154308
        },
        "clat_ns" : {
          "min" : 1298,
          "max" : 4542075,
          "mean" : 180303.910575,
          "stddev" : 82853.711979,
          "N" : 154308,
          "percentile" : {
            "1.000000" : 85504,
            "5.000000" : 89600,
            "10.000000" : 91648,
            "20.000000" : 98816,
            "30.000000" : 109056,
            "40.000000" : 121344,
            "50.000000" : 193536,
            "60.000000" : 214016,
            "70.000000" : 228352,
            "80.000000" : 246784,
            "90.000000" : 280576,
            "95.000000" : 313344,
            "99.000000" : 395264,
            "99.500000" : 440320,
            "99.900000" : 552960,
            "99.950000" : 618496,
            "99.990000" : 1318912
          }
        },
        "lat_ns" : {
          "min" : 89892,
          "max" : 4807723,
          "mean" : 193405.511464,
          "stddev" : 83877.292115,
          "N" : 154308
        },
        "bw_min" : 616192,
        "bw_max" : 706048,
        "bw_agg" : 99.988934,
        "bw_mean" : 658286.559322,
        "bw_dev" : 23114.615257,
        "bw_samples" : 59,
        "iops_min" : 4814,
        "iops_max" : 5516,
        "iops_mean" : 5142.745763,
        "iops_stddev" : 180.629321,
        "iops_samples" : 59
      },
      "write" : {
        "io_bytes" : 0,
        "io_kbytes" : 0,
        "bw_bytes" : 0,
        "bw" : 0,
        "iops" : 0.000000,
        "runtime" : 0,
        "total_ios" : 0,
        "short_ios" : 0,
        "drop_ios" : 0,
        "slat_ns" : {
          "min" : 0,
          "max" : 0,
          "mean" : 0.000000,
          "stddev" : 0.000000,
          "N" : 0
        },
        "clat_ns" : {
          "min" : 0,
          "max" : 0,
          "mean" : 0.000000,
          "stddev" : 0.000000,
          "N" : 0
        },
        "lat_ns" : {
          "min" : 0,
          "max" : 0,
          "mean" : 0.000000,
          "stddev" : 0.000000,
          "N" : 0
        },
        "bw_min" : 0,
        "bw_max" : 0,
        "bw_agg" : 0.000000,
        "bw_mean" : 0.000000,
        "bw_dev" : 0.000000,
        "bw_samples" : 0,
        "iops_min" : 0,
        "iops_max" : 0,
        "iops_mean" : 0.000000,
        "iops_stddev" : 0.000000,
        "iops_samples" : 0
      },
      "trim" : {
        "io_bytes" : 0,
        "io_kbytes" : 0,
        "bw_bytes" : 0,
        "bw" : 0,
        "iops" : 0.000000,
        "runtime" : 0,
        "total_ios" : 0,
        "short_ios" : 0,
        "drop_ios" : 0,
        "slat_ns" : {
          "min" : 0,
          "max" : 0,
          "mean" : 0.000000,
          "stddev" : 0.000000,
          "N" : 0
        },
        "clat_ns" : {
          "min" : 0,
          "max" : 0,
          "mean" : 0.000000,
          "stddev" : 0.000000,
          "N" : 0
        },
        "lat_ns" : {
          "min" : 0,
          "max" : 0,
          "mean" : 0.000000,
          "stddev" : 0.000000,
          "N" : 0
        },
        "bw_min" : 0,
        "bw_max" : 0,
        "bw_agg" : 0.000000,
        "bw_mean" : 0.000000,
        "bw_dev" : 0.000000,
        "bw_samples" : 0,
        "iops_min" : 0,
        "iops_max" : 0,
        "iops_mean" : 0.000000,
        "iops_stddev" : 0.000000,
        "iops_samples" : 0
      },
      "sync" : {
        "total_ios" : 0,
        "lat_ns" : {
          "min" : 0,
          "max" : 0,
          "mean" : 0.000000,
          "stddev" : 0.000000,
          "N" : 0
        }
      },
      "job_runtime" : 30000,
      "usr_cpu" : 1.646667,
      "sys_cpu" : 10.283333,
      "ctx" : 154280,
      "majf" : 0,
      "minf" : 52,
      "iodepth_level" : {
        "1" : 100.000000,
        "2" : 0.000000,
        "4" : 0.000000,
        "8" : 0.000000,
        "16" : 0.000000,
        "32" : 0.000000,
        ">=64" : 0.000000
      },
      "iodepth_submit" : {
        "0" : 0.000000,
        "4" : 100.000000,
        "8" : 0.000000,
        "16" : 0.000000,
        "32" : 0.000000,
        "64" : 0.000000,
        ">=64" : 0.000000
      },
      "iodepth_complete" : {
        "0" : 0.000000,
        "4" : 100.000000,
        "8" : 0.000000,
        "16" : 0.000000,
        "32" : 0.000000,
        "64" : 0.000000,
        ">=64" : 0.000000
      },
      "latency_ns" : {
        "2" : 0.000000,
        "4" : 0.000000,
        "10" : 0.000000,
        "20" : 0.000000,
        "50" : 0.000000,
        "100" : 0.000000,
        "250" : 0.000000,
        "500" : 0.000000,
        "750" : 0.000000,
        "1000" : 0.000000
      },
      "latency_us" : {
        "2" : 0.012313,
        "4" : 0.010000,
        "10" : 0.000000,
        "20" : 0.000000,
        "50" : 0.010000,
        "100" : 21.266558,
        "250" : 59.822563,
        "500" : 18.689893,
        "750" : 0.178863,
        "1000" : 0.010000
      },
      "latency_ms" : {
        "2" : 0.016849,
        "4" : 0.000000,
        "10" : 0.010000,
        "20" : 0.000000,
        "50" : 0.000000,
        "100" : 0.000000,
        "250" : 0.000000,
        "500" : 0.000000,
        "750" : 0.000000,
        "1000" : 0.000000,
        "2000" : 0.000000,
        ">=2000" : 0.000000
      },
      "latency_depth" : 1,
      "latency_target" : 0,
      "latency_percentile" : 100.000000,
      "latency_window" : 0
    }
  ],
  "disk_util" : [
    {
      "name" : "sdd",
      "read_ios" : 153943,
      "write_ios" : 11,
      "read_sectors" : 39409408,
      "write_sectors" : 248,
      "read_merges" : 0,
      "write_merges" : 20,
      "read_ticks" : 26823,
      "write_ticks" : 4,
      "in_queue" : 26830,
      "util" : 82.647823
    }
  ]
}
