{
  "fio version" : "fio-3.36",
  "timestamp" : 1759244696,
  "timestamp_ms" : 1759244696286,
  "time" : "Tue Sep 30 11:04:56 2025",
  "global options" : {
    "ioengine" : "libaio",
    "direct" : "1",
    "rw" : "write",
    "bs" : "128k",
    "iodepth" : "1",
    "runtime" : "30",
    "time_based" : "1",
    "group_reporting" : "1",
    "filename" : "/home/yuming/fio/testfile.dat"
  },
  "jobs" : [
    {
      "jobname" : "seqwrite_128k_qd1",
      "groupid" : 0,
      "job_start" : 1759244666237,
      "error" : 0,
      "eta" : 0,
      "elapsed" : 31,
      "read" : {
        "io_bytes" : 0,
        "io_kbytes" : 0,
        "bw_bytes" : 0,
        "bw" : 0,
        "iops" : 0.000000,
        "runtime" : 0,
        "total_ios" : 0,
        "short_ios" : 0,
        "drop_ios" : 0,
        "slat_ns" : {
          "min" : 0,
          "max" : 0,
          "mean" : 0.000000,
          "stddev" : 0.000000,
          "N" : 0
        },
        "clat_ns" : {
          "min" : 0,
          "max" : 0,
          "mean" : 0.000000,
          "stddev" : 0.000000,
          "N" : 0
        },
        "lat_ns" : {
          "min" : 0,
          "max" : 0,
          "mean" : 0.000000,
          "stddev" : 0.000000,
          "N" : 0
        },
        "bw_min" : 0,
        "bw_max" : 0,
        "bw_agg" : 0.000000,
        "bw_mean" : 0.000000,
        "bw_dev" : 0.000000,
        "bw_samples" : 0,
        "iops_min" : 0,
        "iops_max" : 0,
        "iops_mean" : 0.000000,
        "iops_stddev" : 0.000000,
        "iops_samples" : 0
      },
      "write" : {
        "io_bytes" : 28405792768,
        "io_kbytes" : 27740032,
        "bw_bytes" : 946828197,
        "bw" : 924636,
        "iops" : 7223.725876,
        "runtime" : 30001,
        "total_ios" : 216719,
        "short_ios" : 0,
        "drop_ios" : 0,
        "slat_ns" : {
          "min" : 8295,
          "max" : 400827,
          "mean" : 12534.760542,
          "stddev" : 6915.737801,
          "N" : 216719
        },
        "clat_ns" : {
          "min" : 1462,
          "max" : 15908102,
          "mean" : 124908.601032,
          "stddev" : 97481.599953,
          "N" : 216719,
          "percentile" : {
            "1.000000" : 100864,
            "5.000000" : 103936,
            "10.000000" : 104960,
            "20.000000" : 109056,
            "30.000000" : 111104,
            "40.000000" : 114176,
            "50.000000" : 117248,
            "60.000000" : 121344,
            "70.000000" : 126464,
            "80.000000" : 132096,
            "90.000000" : 142336,
            "95.000000" : 154624,
            "99.000000" : 248832,
            "99.500000" : 350208,
            "99.900000" : 432128,
            "99.950000" : 1019904,
            "99.990000" : 4145152
          }
        },
        "lat_ns" : {
          "min" : 102558,
          "max" : 15917397,
          "mean" : 137443.361574,
          "stddev" : 98144.138914,
          "N" : 216719
        },
        "bw_min" : 835824,
        "bw_max" : 1003520,
        "bw_agg" : 100.000000,
        "bw_mean" : 925406.796610,
        "bw_dev" : 38601.970212,
        "bw_samples" : 59,
        "iops_min" : 6529,
        "iops_max" : 7840,
        "iops_mean" : 7229.661017,
        "iops_stddev" : 301.652495,
        "iops_samples" : 59
      },
      "trim" : {
        "io_bytes" : 0,
        "io_kbytes" : 0,
        "bw_bytes" : 0,
        "bw" : 0,
        "iops" : 0.000000,
        "runtime" : 0,
        "total_ios" : 0,
        "short_ios" : 0,
        "drop_ios" : 0,
        "slat_ns" : {
          "min" : 0,
          "max" : 0,
          "mean" : 0.000000,
          "stddev" : 0.000000,
          "N" : 0
        },
        "clat_ns" : {
          "min" : 0,
          "max" : 0,
          "mean" : 0.000000,
          "stddev" : 0.000000,
          "N" : 0
        },
        "lat_ns" : {
          "min" : 0,
          "max" : 0,
          "mean" : 0.000000,
          "stddev" : 0.000000,
          "N" : 0
        },
        "bw_min" : 0,
        "bw_max" : 0,
        "bw_agg" : 0.000000,
        "bw_mean" : 0.000000,
        "bw_dev" : 0.000000,
        "bw_samples" : 0,
        "iops_min" : 0,
        "iops_max" : 0,
        "iops_mean" : 0.000000,
        "iops_stddev" : 0.000000,
        "iops_samples" : 0
      },
      "sync" : {
        "total_ios" : 0,
        "lat_ns" : {
          "min" : 0,
          "max" : 0,
          "mean" : 0.000000,
          "stddev" : 0.000000,
          "N" : 0
        }
      },
      "job_runtime" : 30000,
      "usr_cpu" : 2.583333,
      "sys_cpu" : 13.250000,
      "ctx" : 216682,
      "majf" : 0,
      "minf" : 18,
      "iodepth_level" : {
        "1" : 100.000000,
        "2" : 0.000000,
        "4" : 0.000000,
        "8" : 0.000000,
        "16" : 0.000000,
        "32" : 0.000000,
        ">=64" : 0.000000
      },
      "iodepth_submit" : {
        "0" : 0.000000,
        "4" : 100.000000,
        "8" : 0.000000,
        "16" : 0.000000,
        "32" : 0.000000,
        "64" : 0.000000,
        ">=64" : 0.000000
      },
      "iodepth_complete" : {
        "0" : 0.000000,
        "4" : 100.000000,
        "8" : 0.000000,
        "16" : 0.000000,
        "32" : 0.000000,
        "64" : 0.000000,
        ">=64" : 0.000000
      },
      "latency_ns" : {
        "2" : 0.000000,
        "4" : 0.000000,
        "10" : 0.000000,
        "20" : 0.000000,
        "50" : 0.000000,
        "100" : 0.000000,
        "250" : 0.000000,
        "500" : 0.000000,
        "750" : 0.000000,
        "1000" : 0.000000
      },
      "latency_us" : {
        "2" : 0.014304,
        "4" : 0.010000,
        "10" : 0.010000,
        "20" : 0.000000,
        "50" : 0.010000,
        "100" : 0.763200,
        "250" : 98.219815,
        "500" : 0.934390,
        "750" : 0.010613,
        "1000" : 0.010000
      },
      "latency_ms" : {
        "2" : 0.023994,
        "4" : 0.015689,
        "10" : 0.010000,
        "20" : 0.010000,
        "50" : 0.000000,
        "100" : 0.000000,
        "250" : 0.000000,
        "500" : 0.000000,
        "750" : 0.000000,
        "1000" : 0.000000,
        "2000" : 0.000000,
        ">=2000" : 0.000000
      },
      "latency_depth" : 1,
      "latency_target" : 0,
      "latency_percentile" : 100.000000,
      "latency_window" : 0
    }
  ],
  "disk_util" : [
    {
      "name" : "sdd",
      "read_ios" : 0,
      "write_ios" : 216374,
      "read_sectors" : 0,
      "write_sectors" : 55387488,
      "read_merges" : 0,
      "write_merges" : 14,
      "read_ticks" : 0,
      "write_ticks" : 22032,
      "in_queue" : 22056,
      "util" : 69.842751
    }
  ]
}
